run_id,window_index,t_media_start,t_wall_start,t_wall_end,throughput_mean,throughput_std,throughput_min,throughput_max,total_bytes,total_packets,active_flows,n_samples,tp_slot_akhir,tp_pendek_mean,tp_pendek_std,tp_pendek_max,tp_delta_prev,tp_rasio_prev,pkt_delta_prev,tp_kumulatif,tp_rasio_kumulatif,bytes_kumulatif,rasio_diam
CONT_s11_TearsOfSteel,0,0.0,1789007222.794,1789007232.794,0.665781,0.045655,0.591038,0.746029,855058,853,8,25,0.690526,0.654725,0.04243,0.716537,0.665781,0.0,853,0.665836,0.999917,855058,0.0
CONT_s11_TearsOfSteel,1,10.0,1789007232.794,1789007242.794,0.665075,0.029519,0.609486,0.72469,888865,882,4,26,0.686325,0.669122,0.029031,0.714789,-0.000706,0.99894,29,0.665458,0.999424,1743923,0.0
CONT_s11_TearsOfSteel,2,20.0,1789007242.794,1789007252.794,0.547873,0.248644,0.0,0.847704,703874,655,4,25,0.847704,0.400289,0.325609,0.847704,-0.117202,0.823776,-227,0.626331,0.874734,2447797,0.16
CONT_s11_TearsOfSteel,3,30.0,1789007252.794,1789007262.794,0.709152,0.323556,0.0,1.011364,909398,754,2,25,0.875595,0.852576,0.033479,0.905366,0.161279,1.294373,99,0.64696,1.09613,3357195,0.16
CONT_s11_TearsOfSteel,4,40.0,1789007262.794,1789007272.794,0.857169,0.061085,0.72196,0.990446,1144896,989,4,26,0.884128,0.854803,0.036629,0.903241,0.148017,1.208724,235,0.689977,1.242315,4502091,0.0
CONT_s11_TearsOfSteel,5,50.0,1789007272.794,1789007282.794,0.851878,0.082168,0.603874,0.97616,1095530,1014,4,25,0.97616,0.837833,0.118287,0.97616,-0.005291,0.993827,25,0.716529,1.188895,5597621,0.0
CONT_s11_TearsOfSteel,6,60.0,1789007282.794,1789007292.794,1.764925,4.199804,0.703177,22.333999,2261381,1909,6,25,0.994726,0.948457,0.071728,1.028205,0.913047,2.071805,895,0.86449,2.041579,7859002,0.0
CONT_s11_TearsOfSteel,7,70.0,1789007292.794,1789007302.794,0.888285,0.173675,0.354577,1.13211,1174850,1011,4,26,0.911023,0.840205,0.213924,1.036874,-0.87664,0.503299,-898,0.867415,1.02406,9033852,0.0
CONT_s11_TearsOfSteel,8,80.0,1789007302.794,1789007312.794,0.804428,0.328025,0.0,1.135143,1027795,876,4,25,0.870102,0.960609,0.089815,1.135143,-0.083857,0.905597,-135,0.860476,0.934864,10061647,0.12
CONT_s11_TearsOfSteel,9,90.0,1789007312.794,1789007322.794,2.285908,6.822438,0.798013,36.396381,3138766,2605,6,26,0.838071,0.889936,0.056485,0.98312,1.48148,2.841656,1729,1.012581,2.257506,13200413,0.0
CONT_s11_TearsOfSteel,10,100.0,1789007322.794,1789007332.794,0.894607,0.059323,0.781091,0.984337,1171637,1089,6,25,0.98114,0.902449,0.056511,0.98114,-1.391301,0.391357,-1516,1.001807,0.892993,14372050,0.0
CONT_s11_TearsOfSteel,11,110.0,1789007332.794,1789007342.794,0.817103,0.203671,0.0,0.98114,1050405,957,4,25,0.0,0.656129,0.291082,0.872264,-0.077504,0.913365,-132,0.986301,0.828452,15422455,0.04
CONT_s11_TearsOfSteel,12,120.0,1789007342.794,1789007352.794,0.294602,0.322657,0.0,1.144529,385017,348,2,25,0.446859,0.375111,0.07231,0.508945,-0.522501,0.360545,-609,0.933044,0.315743,15807472,0.44
CONT_s11_TearsOfSteel,13,130.0,1789007352.794,1789007362.794,0.40412,0.050853,0.295148,0.505621,514081,517,5,24,0.393852,0.403551,0.058126,0.505621,0.109518,1.371749,169,0.896094,0.450979,16321553,0.0
CONT_s11_TearsOfSteel,14,140.0,1789007362.794,1789007379.977,0.409644,0.0307,0.300739,0.487642,909614,1028,8,43,0.434159,0.414283,0.030863,0.473408,0.005524,1.013669,511,0.843205,0.485818,17231167,0.0
CONT_s11_TearsOfSteel,15,150.0,1789007379.977,1789007393.178,0.424362,0.052782,0.325753,0.520402,715750,730,8,33,0.452406,0.415417,0.025957,0.452406,0.014718,1.035929,-298,0.811302,0.523063,17946917,0.0
CONT_s11_TearsOfSteel,16,160.0,1789007393.178,1789007404.232,0.427499,0.037941,0.35285,0.492839,614125,567,5,28,0.416453,0.425942,0.047855,0.483915,0.003137,1.007392,-163,0.787876,0.542597,18561042,0.0
CONT_s11_TearsOfSteel,17,170.0,1789007404.232,1789007414.232,0.424964,0.037872,0.351946,0.480872,553840,505,4,25,0.443901,0.422548,0.031721,0.480872,-0.002535,0.99407,-62,0.768816,0.552751,19114882,0.0
CONT_s11_TearsOfSteel,18,180.0,1789007414.232,1789007424.232,0.427223,0.046389,0.330782,0.509358,551474,537,6,25,0.479033,0.41978,0.043688,0.479033,0.002259,1.005316,32,0.751947,0.568156,19666356,0.0
CONT_s11_TearsOfSteel,19,190.0,1789007424.232,1789007434.232,0.795423,1.963725,0.0,7.668828,1056687,830,4,25,0.0,0.756396,2.001235,6.051166,0.3682,1.861845,293,0.75456,1.054155,20723043,0.68
CONT_s11_TearsOfSteel,20,200.0,1789007434.232,1789007444.232,0.534966,1.476659,0.0,5.536574,691907,523,2,25,0.0,0.424064,1.121967,3.39251,-0.260457,0.672555,-307,0.744469,0.718587,21414950,0.84
CONT_s11_TearsOfSteel,21,210.0,1789007444.232,1789007454.232,0.212385,0.65087,0.0,2.776225,276241,211,2,25,0.0,0.347028,0.91815,2.776225,-0.322581,0.397007,-312,0.720969,0.294583,21691191,0.88
CONT_s11_TearsOfSteel,22,220.0,1789007454.232,1789007464.232,1.261605,2.202575,0.0,9.559383,1626802,1263,4,25,0.014619,1.659015,1.845808,5.335388,1.04922,5.940179,1052,0.743285,1.697337,23317993,0.52
CONT_s11_TearsOfSteel,23,230.0,1789007464.232,1789007474.232,1.878977,1.605659,0.002962,7.094168,2529977,1964,6,26,2.644521,1.93536,1.111115,2.663173,0.617372,1.489354,701,0.790246,2.377711,25847970,0.076923
CONT_s11_TearsOfSteel,24,240.0,1789007474.232,1789007484.232,0.771544,1.467621,0.0,5.840094,1017836,788,4,25,1.085792,0.269067,0.466062,1.085792,-1.107433,0.410619,-1176,0.790106,0.976507,26865806,0.64
CONT_s11_TearsOfSteel,25,250.0,1789007484.232,1789007494.232,0.741033,0.499918,0.0,1.345894,969527,770,2,25,1.127164,0.995158,0.355103,1.279053,-0.030511,0.960455,-18,0.788389,0.939933,27835333,0.24
CONT_s11_TearsOfSteel,26,260.0,1789007494.232,1789007504.232,1.091458,0.07349,1.005628,1.22537,1402488,1160,6,25,1.005628,1.081242,0.083784,1.22537,0.350425,1.472887,390,0.799038,1.365965,29237821,0.0
CONT_s11_TearsOfSteel,27,270.0,1789007504.232,1789007515.424,1.177334,0.857648,0.613577,5.476609,1700576,1496,4,28,0.648919,0.828812,0.317063,1.639105,0.085876,1.07868,336,0.813361,1.447493,30938397,0.0
CONT_s11_TearsOfSteel,28,280.0,1789007515.424,1789007525.424,0.512257,0.287585,0.0,0.779265,682551,751,8,26,0.0,0.140053,0.253862,0.709899,-0.665077,0.435099,-745,0.803127,0.637828,31620948,0.230769
